path,currentColumn,suggestedColumn,problemType,bodyChange,metadataChange,visualMigration,risk
knowledge/topics/avoid-cracking-warping.html,探索柚木,探索柚木,说明书式知识页,yes,no,yes,medium
knowledge/topics/before-buying-teak-basics.html,探索柚木,探索柚木,基础认知层级偏平,yes,no,yes,low
knowledge/topics/brand-or-factory.html,探索柚木,探索柚木,旧厂商判断语境,yes,review,yes,medium
knowledge/topics/clear-teak-description.html,探索柚木,探索柚木,正文堆叠,yes,no,yes,low
knowledge/topics/flooring-fit-space.html,探索柚木,探索柚木,空间与知识边界交叉,yes,no,yes,medium
knowledge/topics/flooring-vs-furniture-craft.html,探索柚木,探索柚木,工艺信息层级不足,yes,no,yes,low
knowledge/topics/is-teak-always-expensive.html,探索柚木,探索柚木,价格表达需保守,yes,review,yes,high
knowledge/topics/not-only-color-photo.html,探索柚木,探索柚木,正文堆叠,yes,no,yes,low
knowledge/topics/outdoor-teak-judgement.html,探索柚木,探索柚木,与生活场景内容重叠,yes,no,yes,medium
knowledge/topics/outdoor-teak-maintenance.html,探索柚木,探索柚木,连续白卡与跳转页感,yes,no,yes,low
knowledge/topics/questions-before-vendor.html,探索柚木,探索柚木,旧供应商语境,yes,review,yes,medium
knowledge/topics/tea-room-teak-space.html,探索柚木,柚木美学,知识与空间栏目错位,yes,review,yes,medium
knowledge/topics/teak-aging-color.html,探索柚木,探索柚木,正文堆叠,yes,no,yes,low
knowledge/topics/teak-authenticity-basic.html,探索柚木,探索柚木,绝对判断风险,yes,review,yes,high
knowledge/topics/teak-bathroom-balcony.html,探索柚木,探索柚木,场景判断层级不足,yes,no,yes,medium
knowledge/topics/teak-buying-pitfalls.html,探索柚木,探索柚木,选购信息卡片化,yes,no,yes,medium
knowledge/topics/teak-color-change.html,探索柚木,探索柚木,正文堆叠,yes,no,yes,low
knowledge/topics/teak-daily-cleaning.html,探索柚木,探索柚木,长文节奏单一,yes,no,yes,low
knowledge/topics/teak-drying-process.html,探索柚木,探索柚木,工艺信息需图示,yes,no,yes,medium
knowledge/topics/teak-flooring-daily-care.html,探索柚木,探索柚木,维护内容重复,yes,no,yes,low
knowledge/topics/teak-home-spaces.html,探索柚木,柚木美学,栏目语义偏空间,yes,review,yes,medium
knowledge/topics/teak-joinery-surface.html,探索柚木,探索柚木,工艺判断层级不足,yes,no,yes,low
knowledge/topics/teak-kids-pets-home.html,探索柚木,探索柚木,生活场景边界需强化,yes,no,yes,medium
knowledge/topics/teak-oil-stability.html,探索柚木,探索柚木,性能表达需保守,yes,review,yes,high
knowledge/topics/teak-origin-basic.html,探索柚木,探索柚木,产地表达需避免单因果,yes,review,yes,high
knowledge/topics/teak-price-difference.html,探索柚木,探索柚木,价格表达需保守,yes,review,yes,high
knowledge/topics/teak-vs-common-wood-basic.html,探索柚木,探索柚木,比较结论需边界,yes,review,yes,high
knowledge/topics/teak-vs-walnut.html,探索柚木,探索柚木,比较结论需边界,yes,review,yes,high
knowledge/topics/what-is-teak.html,探索柚木,探索柚木,长文缺少阅读层级,yes,no,yes,low
knowledge/topics/whole-decoration-fit-home.html,探索柚木,柚木美学,知识与空间栏目交叉,yes,review,yes,medium
knowledge/topics/why-teak-for-home.html,探索柚木,探索柚木,材料优势表述偏泛,yes,review,yes,medium
cases/courtyard-teak-sample.html,柚木美学,柚木美学,图片节奏不足,yes,no,yes,medium
cases/flooring-selection-sample.html,柚木美学,柚木美学,案例卡片化,yes,no,yes,medium
cases/tea-room-teak-sample.html,柚木美学,柚木美学,图片节奏不足,yes,no,yes,medium
solutions/flooring.html,柚木生活,柚木美学,栏目语义偏空间,yes,review,yes,medium
solutions/furniture.html,柚木生活,柚木美学,栏目语义偏空间,yes,review,yes,medium
solutions/tea-room.html,柚木生活,柚木美学,栏目语义偏空间,yes,review,yes,medium
solutions/whole-decoration.html,柚木生活,柚木美学,栏目语义偏空间,yes,review,yes,high
solutions/goods/aged-teak-flooring.html,柚木生活,柚木生活,白卡资料页感,yes,no,yes,medium
solutions/goods/aged-teak-timber.html,柚木生活,柚木生活,旧料事实边界,yes,review,yes,high
solutions/goods/hotel-teak-floor.html,柚木生活,柚木生活,非真实案例误读风险,yes,review,yes,high
solutions/goods/old-teak-carving.html,柚木生活,柚木生活,收藏信息边界,yes,review,yes,high
solutions/goods/old-teak-door.html,柚木生活,柚木生活,旧料事实边界,yes,review,yes,high
solutions/goods/old-teak-window.html,柚木生活,柚木生活,旧料事实边界,yes,review,yes,high
solutions/goods/reclaimed-boat-teak.html,柚木生活,柚木生活,来源与性能边界,yes,review,yes,high
solutions/goods/reclaimed-teak-flooring.html,柚木生活,柚木生活,来源与性能边界,yes,review,yes,high
solutions/goods/seaside-teak-floor.html,柚木生活,柚木生活,非真实案例误读风险,yes,review,yes,high
solutions/goods/sunroom-teak-floor.html,柚木生活,柚木生活,场景图像不足,yes,no,yes,medium
solutions/goods/teak-bedroom.html,柚木生活,柚木生活,生活场景层级单一,yes,no,yes,low
solutions/goods/teak-bench.html,柚木生活,柚木生活,物件文章节奏单一,yes,no,yes,low
solutions/goods/teak-bookcase.html,柚木生活,柚木生活,物件文章节奏单一,yes,no,yes,low
solutions/goods/teak-dining-table.html,柚木生活,柚木生活,物件文章图片不足,yes,no,yes,low
solutions/goods/teak-garden-dining.html,柚木生活,柚木生活,户外场景判断不足,yes,no,yes,medium
solutions/goods/teak-incense-holder.html,柚木生活,柚木生活,器物文章节奏单一,yes,no,yes,low
solutions/goods/teak-living-room.html,柚木生活,柚木生活,生活场景层级单一,yes,no,yes,low
solutions/goods/teak-lounge-chair.html,柚木生活,柚木生活,物件文章节奏单一,yes,no,yes,low
solutions/goods/teak-outdoor-bench.html,柚木生活,柚木生活,户外场景判断不足,yes,no,yes,medium
solutions/goods/teak-patio-furniture.html,柚木生活,柚木生活,户外场景判断不足,yes,no,yes,medium
solutions/goods/teak-pen.html,柚木生活,柚木生活,器物文章节奏单一,yes,no,yes,low
solutions/goods/teak-phone-stand.html,柚木生活,柚木生活,器物文章节奏单一,yes,no,yes,low
solutions/goods/teak-pool-deck.html,柚木生活,柚木生活,非真实案例误读风险,yes,review,yes,high
solutions/goods/teak-speaker.html,柚木生活,柚木生活,器物文章节奏单一,yes,no,yes,low
solutions/goods/teak-study-room.html,柚木生活,柚木生活,生活场景层级单一,yes,no,yes,low
solutions/goods/teak-tea-table.html,柚木生活,柚木生活,物件文章节奏单一,yes,no,yes,low
solutions/goods/teak-tray.html,柚木生活,柚木生活,器物文章节奏单一,yes,no,yes,low
solutions/goods/teak-villa-woodwork.html,柚木生活,柚木生活,非真实项目误读风险,yes,review,yes,high
solutions/goods/teak-wall-panel.html,柚木生活,柚木生活,空间边界与图片不足,yes,no,yes,medium
solutions/goods/teak-yacht-deck.html,柚木生活,柚木生活,性能与案例误读风险,yes,review,yes,high
solutions/outdoor.html,柚木生活,柚木生活,连续资料段与白卡感,yes,no,yes,medium
vendors/shanghai-zhuangxin-teak.html,特色品牌,特色品牌,旧推荐厂商语义,yes,yes,yes,high
vendors/wachen-teak.html,特色品牌,特色品牌,品牌资料不足,yes,review,yes,high
vendors/xuelianhua-teak-furniture.html,特色品牌,特色品牌,品牌资料不足,yes,review,yes,high
vendors/yixin-teak.html,特色品牌,特色品牌,品牌资料不足,yes,review,yes,high
vendors/yuebaijia-teak-flooring.html,特色品牌,特色品牌,品牌资料不足,yes,review,yes,high
vendors/zhenzang-teak-life.html,特色品牌,特色品牌,旧推荐厂商语义,yes,yes,yes,high
vendors/workshop-sample.html,特色品牌,生态合作／其他,企业样板非真实品牌,no,review,no,high
